Team,Predicted Position,Actual Position,Position Difference
Chelsea,3.3,6,-2.7
Arsenal,3.32,2,1.3199999999999998
Liverpool,3.3,3,0.2999999999999998
Aston Villa,9.58,4,5.58
Everton,9.28,15,-5.720000000000001
Crystal Palace,14.18,10,4.18
Nottingham Forest,11.08,17,-5.92
Burnley,15.28,19,-3.7200000000000006
Manchester City,4.05,1,3.05
Brentford,9.32,16,-6.68
Fulham,14.2,13,1.1999999999999993
